{"LefrancFortuno": ["@LaPremisaEli", "@RepDarrenSoto", "@mayita_melendez", "@ricardorossello", "@GregAbbott_TX", "@HouseDemocrats", "@SenToddYoung"], "mayita_melendez": ["@LaPremisaEli", "@RepDarrenSoto", "@LefrancFortuno", "@laurenboebert", "@GregAbbott_TX", "@HouseDemocrats"], "ricardorossello": ["@LaPremisaEli", "@RepJenniffer", "@RepDarrenSoto", "@RepStephMurphy", "@mayita_melendez", "@RepRubenGallego", "@StaceyPlaskett", "@RepSeanMaloney", "@SenDuckworth", "@RepSwalwell", "@RepTerriSewell", "@SenatorCarper", "@SenRonJohnson", "@NydiaVelazquez", "@LefrancFortuno", "@brianschatz", "@SenatorMenendez", "@laurenboebert", "@GregAbbott_TX", "@HouseDemocrats"], "LaPremisaEli": ["@LefrancFortuno", "@ricardorossello", "@laurenboebert", "@GregAbbott_TX", "@HouseDemocrats"], "TTuberville": ["@RepMaryMiller", "@RepPatFallon", "@RepJerryCarl", "@RepBarryMoore", "@RepMattGaetz", "@RepArrington", "@CongressmanHice", "@RogerMarshallMD", "@claudiatenney", "@laurenboebert", "@GregAbbott_TX", "@HouseDemocrats", "@LindseyGrahamSC", "@RepJeffDuncan", "@RepSteveChabot", "@RepMoBrooks", "@DesJarlaisTN04", "@ToddYoungIN", "@SenLummis", "@JerryMoran", "@JohnCornyn"], "DanSullivan_AK": ["@USRepLong", "@ToddYoungIN", "@repdonyoung", "@SenShelby", "@JohnCornyn", "@GregAbbott_TX", "@SenateDems", "@SenToddYoung"], "SenMarkKelly": ["@RepTroyCarter", "@SenatorHagerty", "@RepMondaire", "@RepHerrell", "@SenatorHick", "@RepCasten", "@RepGregStanton", "@RepAngieCraig", "@RepLoriTrahan", "@RepAOC", "@SenatorRomney", "@RepEscobar", "@RepJoeMorelle", "@RepCori", "@RepDLesko", "@SenTinaSmith", "@RepDarrenSoto", "@GregAbbott_TX", "@HouseDemocrats", "@SenateDems", "@SenJackyRosen", "@RepGonzalez", "@RepBarragan", "@RepBrianFitz", "@RepRoKhanna", "@RepOHalleran", "@kaikahele", "@RepDonBeyer", "@SenatorRounds", "@RepBrownley", "@RogerMarshallMD", "@MartinHeinrich", "@SenatorSinema", "@SenatorBaldwin", "@RepHuffman", "@SenAngusKing", "@SenDuckworth", "@SenWarren", "@SenatorTester", "@SenFeinstein", "@RepRickLarsen", "@PattyMurray", "@SenBlumenthal", "@RepMaloney", "@RonWyden", "@SenatorCarper", "@SenatorDurbin", "@RepGosar", "@SenGaryPeters", "@Sen_JoeManchin", "@SenRonJohnson", "@RepDavid", "@SenatorBennet", "@RepCuellar", "@SenBobCasey", "@SenatorCantwell", "@SenatorShaheen", "@maziehirono", "@SenStabenow", "@SenSherrodBrown", "@SenJeffMerkley", "@RepRaulGrijalva", "@RepDianaDeGette", "@RepSpeier", "@EleanorNorton", "@SenLummis", "@SenMarkey", "@SenatorLujan", "@SenatorMenendez", "@ChrisVanHollen", "@lisamurkowski", "@SenSchumer", "@ChrisCoons", "@MarkWarner"], "SenTomCotton": ["@Rep_Clyde", "@SenatorHagerty", "@RepMMM", "@RepHarshbarger", "@RepFeenstra", "@RepSpartz", "@RepBurgessOwens", "@RepHerrell", "@RepKatCammack", "@RepMaryMiller", "@RepAshleyHinson", "@RepBarryMoore", "@RepBlakeMoore", "@RepMeijer", "@SenatorHick", "@RepDanBishop", "@RepGregMurphy", "@RepGregSteube", "@GregAbbott_TX", "@HouseDemocrats", "@SenateDems", "@RepGregPence", "@JakeLaTurner", "@RepGolden", "@RepTimmons", "@RepRussFulcher", "@SenatorRomney", "@repkevinhern", "@RepCloudTX", "@SenBillCassidy", "@SenHydeSmith", "@Kilili_Sablan", "@RepRonEstes", "@RepMattGaetz", "@SenJohnKennedy", "@RepAndyBiggsAZ", "@RepArrington", "@RepJimBanks", "@RepDavidKustoff", "@RepGallagher", "@RepJackBergman", "@CongressmanRaja", "@SenCortezMasto", "@RepDrewFerguson", "@RepStephMurphy", "@WarrenDavidson", "@GReschenthaler", "@RepLaHood", "@RepTrentKelly", "@RepGrothman", "@CongressmanHice", "@RepBost", "@RepAlexMooney", "@SenThomTillis", "@SenatorRounds", "@RepFrenchHill", "@RepBrianBabin", "@RepKenBuck", "@USRepGaryPalmer", "@SenJoniErnst", "@RepWesterman", "@RepLeeZeldin", "@HawleyMO", "@RepBlaine", "@USRepLong", "@LeaderMcConnell", "@RogerMarshallMD", "@SteveScalise", "@repmarkpocan", "@SenatorRisch", "@RepCheri", "@RepAndyBarr", "@SenatorSinema", "@SenatorBaldwin", "@SenTedCruz", "@RepChrisStewart", "@SenatorFischer", "@RepLaMalfa", "@SenAngusKing", "@RepWalorski", "@RepMullin", "@TXRandy14", "@RepLowenthal", "@RepAnnWagner", "@SenKevinCramer", "@RepFitzgerald", "@RodneyDavis", "@RepRichHudson", "@michaelgwaltz", "@RepCartwright", "@claudiatenney", "@MikeCrapo", "@RepDLamborn", "@RepBradWenstrup", "@SenatorTester", "@SenJohnHoeven", "@Call_Me_Dutch", "@CongPalazzo", "@SenJohnThune", "@MarshaBlackburn", "@SenatorWicker", "@RepGosar", "@RepJeffDuncan", "@RepMoBrooks", "@DesJarlaisTN04", "@RepLarryBucshon", "@AustinScottGA08", "@rep_stevewomack", "@Sen_JoeManchin", "@RepHuizenga", "@SenRonJohnson", "@RepRickCrawford", "@SenRubioPress", "@SenatorLankford", "@SenatorBennet", "@SenToomey", "@SenatorTimScott", "@RepBillJohnson", "@SenJohnBarrasso", "@SenCapito", "@SenBobCasey", "@SenRickScott", "@SenatorCantwell", "@TTuberville", "@SenatorCardin", "@SenMikeLee", "@SenSherrodBrown", "@MarioDB", "@repdonyoung", "@SenJeffMerkley", "@SenLummis", "@DarrellIssa", "@replouiegohmert", "@SenAmyKlobuchar", "@SenMarkey", "@RoyBlunt", "@SenatorBurr", "@SenShelby", "@GOPLeader", "@SenatorCollins", "@senrobportman", "@RepScottPerry", "@JerryMoran", "@lisamurkowski", "@virginiafoxx", "@CoryBooker", "@RobWittman", "@JohnCornyn", "@SteveDaines", "@JohnBoozman"], "AlexPadilla4CA": ["@RepTroyCarter", "@RepCasten", "@RepSylviaGarcia", "@RepLoriTrahan", "@RepAOC", "@LaPremisaEli", "@RepDarrenSoto", "@RepBarragan", "@RepCarbajal", "@kaikahele", "@RepTedLieu", "@RepPeteAguilar", "@RepDeSaulnier", "@RepRubenGallego", "@RepDonBeyer", "@ChuyForCongress", "@RepJimmyGomez", "@laurenboebert", "@GregAbbott_TX", "@HouseDemocrats", "@RogerMarshallMD", "@RepCardenas", "@RepLowenthal", "@RepBera", "@RepSwalwell", "@RepLindaSanchez", "@JayObernolte", "@RepBarbaraLee", "@RepJimCosta", "@NormaJTorres", "@SenRonJohnson", "@JoaquinCastrotx", "@RepJudyChu", "@gracenapolitano", "@SenatorCardin", "@ricardorossello", "@brianschatz", "@DorisMatsui", "@BradSherman", "@RepSpeier", "@RepHankJohnson", "@SenatorLujan", "@CoryBooker", "@ChrisCoons"], "SenatorHick": ["@RepTroyCarter", "@RepDeborahRoss", "@RepMondaire", "@RepStricklandWA", "@RepBoebert", "@RepAuchincloss", "@RepCasten", "@RepAngieCraig", "@RepJasonCrow", "@RepLoriTrahan", "@RepAOC", "@RepJoeNeguse", "@SenatorRomney", "@RepDeanPhillips", "@RepCori", "@SenTinaSmith", "@SenJackyRosen", "@laurenboebert", "@GregAbbott_TX", "@HouseDemocrats", "@RepRoKhanna", "@RepDonBeyer", "@SenatorRounds", "@RogerMarshallMD", "@RepDWStweets", "@MartinHeinrich", "@SenatorBaldwin", "@RepHuffman", "@SenAngusKing", "@SenDuckworth", "@SenWarren", "@MikeCrapo", "@SenatorTester", "@SenFeinstein", "@SenBlumenthal", "@RonWyden", "@SenatorCarper", "@SenatorDurbin", "@SenWhitehouse", "@SenGaryPeters", "@SenatorLankford", "@SenatorBennet", "@SenToomey", "@RepCuellar", "@SenBobCasey", "@NydiaVelazquez", "@rosadelauro", "@SenatorCantwell", "@SenatorCardin", "@maziehirono", "@SenStabenow", "@SenSherrodBrown", "@SenJeffMerkley", "@RepDianaDeGette", "@RepSpeier", "@EleanorNorton", "@SenLummis", "@SenMarkey", "@RepPerlmutter", "@SenatorLujan", "@RepSires", "@SenatorMenendez", "@JerryMoran", "@ChrisVanHollen", "@lisamurkowski", "@RobWittman", "@ChrisCoons", "@MarkWarner"]}