{"RepJerryCarl": [], "RepBarryMoore": ["@RepMMM", "@RepBentz", "@RepHarshbarger", "@RepFeenstra", "@RepRosendale", "@RepMalliotakis", "@RepYoungKim", "@RepHerrell", "@RepFischbach", "@RepMTG", "@RepGarbarino", "@RepKatCammack", "@RepBice", "@RepLisaMcClain", "@RepCawthorn", "@RepSteel", "@SenateDems", "@SenateGOP", "@SenToddYoung"], "RepMikeRogersAL": ["@Rep_Clyde", "@RepHarshbarger", "@RepRosendale", "@RepMalliotakis", "@RepYoungKim", "@RepBurgessOwens", "@RepHerrell", "@RepMTG", "@RepGarbarino", "@RepKatCammack", "@SenateDems", "@SenateGOP", "@HouseDemocrats", "@RepBice", "@RepLisaMcClain", "@RepDonaldsPress", "@RepSteel", "@RepFranklin", "@RepTonyGonzales", "@RepNancyMace", "@RepPatFallon", "@RepJerryCarl", "@RepAshleyHinson", "@RepBarryMoore", "@RepBlakeMoore", "@RepTiffany", "@RepMikeGarcia", "@RepDanBishop", "@RepFredKeller", "@RepJimBaird", "@RepGregSteube", "@RepGregPence", "@RepJohnJoyce", "@RepCarolMiller", "@RepJohnRose", "@RepMichaelGuest", "@RepGolden", "@RepMeuser", "@RepArmstrongND", "@RepMarkGreen", "@RepTimmons", "@RepRussFulcher", "@RepVanTaylor", "@RepChrisPappas", "@RepAGonzalez", "@RepCloudTX", "@RepTimBurchett", "@RepDLesko", "@RepRalphNorman", "@RepRonEstes", "@RepClayHiggins", "@RepRutherfordFL", "@RepMikeJohnson", "@RepJenniffer", "@RepDonBacon", "@RepMattGaetz", "@RepDarrenSoto", "@RepAlLawsonJr", "@RepLizCheney", "@RepAndyBiggsAZ", "@RepArrington", "@RepJimBanks", "@RepDavidKustoff", "@RepGallagher", "@DrNealDunnFL2", "@CongressmanRaja", "@RepTrey", "@RepDrewFerguson", "@RepValDemings", "@GReschenthaler", "@RepLaHood", "@RepTrentKelly", "@RepTedLieu", "@CongressmanHice", "@RepKathleenRice", "@RepBost", "@RepAlexMooney", "@RepStefanik", "@RepFrenchHill", "@RepNewhouse", "@RepBrianBabin", "@RepTomEmmer", "@RepLawrence", "@RepKenBuck", "@USRepGaryPalmer", "@RepWesterman", "@RepLeeZeldin", "@RepMoolenaar", "@USRepLong", "@SteveScalise", "@repmarkpocan", "@RepAndyBarr", "@SenatorSinema", "@RepChrisStewart", "@RepSchneider", "@RepWalorski", "@RepMullin", "@RepTomRice", "@TXRandy14", "@RepLowenthal", "@RepAnnWagner", "@RepFitzgerald", "@RodneyDavis", "@RepDaveJoyce", "@RepAndyHarrisMD", "@MikeKellyPA", "@RepRichHudson", "@michaelgwaltz", "@RepCartwright", "@claudiatenney", "@RepDLamborn", "@RepBonamici", "@RepHalRogers", "@RepBradWenstrup", "@RepTerriSewell", "@Call_Me_Dutch", "@CongPalazzo", "@MarshaBlackburn", "@JayObernolte", "@HerreraBeutler", "@RepFrankLucas", "@RepGosar", "@RepMcKinley", "@DesJarlaisTN04", "@RepChuck", "@RepBobGibbs", "@RepLarryBucshon", "@AustinScottGA08", "@rep_stevewomack", "@RepMGriffith", "@RepWilson", "@RepHuizenga", "@RepRickCrawford", "@RepDavid", "@SenToomey", "@RepKinzinger", "@SenatorTimScott", "@RepBillJohnson", "@RepKayGranger", "@RepFredUpton", "@RepGaramendi", "@Robert_Aderholt", "@RepMikeTurner", "@RepSmucker", "@repdonyoung", "@BradSherman", "@RepSamGraves", "@PatrickMcHenry", "@RepMcCaul", "@RepGusBilirakis", "@congbillposey", "@RepSpeier", "@PeteSessions", "@SenLummis", "@KenCalvert", "@DarrellIssa", "@RoyBlunt", "@SenatorBurr", "@SenShelby", "@VernBuchanan", "@RepKevinBrady", "@GOPLeader", "@senrobportman", "@JeffFortenberry", "@RepScottPerry", "@Jim_Jordan", "@JudgeCarter", "@virginiafoxx", "@CoryBooker", "@michaelcburgess", "@boblatta", "@RobWittman", "@JohnCornyn", "@JimInhofe"], "Robert_Aderholt": ["@SenateDems", "@SenateGOP", "@HouseDemocrats", "@RepGarbarino", "@RepKatCammack", "@RepLisaMcClain", "@RepMaryMiller", "@RepNancyMace", "@RepPatFallon", "@RepJerryCarl", "@RepAshleyHinson", "@RepBarryMoore", "@RepTiffany", "@RepMikeGarcia", "@RepFredKeller", "@RepGregSteube", "@RepJohnRose", "@RepGolden", "@RepMeuser", "@RepArmstrongND", "@RepTimmons", "@RepRussFulcher", "@RepPeteStauber", "@RepChrisPappas", "@RepAGonzalez", "@RepCloudTX", "@RepTimBurchett", "@RepDLesko", "@RepRalphNorman", "@RepRonEstes", "@RepRutherfordFL", "@RepMikeJohnson", "@RepMattGaetz", "@RepDarrenSoto", "@RepAlLawsonJr", "@RepLizCheney", "@RepAndyBiggsAZ", "@RepArrington", "@RepJimBanks", "@RepDavidKustoff", "@RepGallagher", "@RepJackBergman", "@CongressmanRaja", "@RepTrey", "@RepDrewFerguson", "@RepValDemings", "@RepLaHood", "@RepTrentKelly", "@CongressmanHice", "@RepKathleenRice", "@RepBost", "@RepAlexMooney", "@RepRickAllen", "@RepFrenchHill", "@RepBrianBabin", "@RepTomEmmer", "@RepLawrence", "@USRepGaryPalmer", "@RepLeeZeldin", "@RepMoolenaar", "@USRepLong", "@SteveScalise", "@repmarkpocan", "@RepDavidValadao", "@RepAndyBarr", "@SenatorSinema", "@RepRWilliams", "@RepChrisStewart", "@RepSchneider", "@RepLaMalfa", "@RepWalorski", "@RepMullin", "@RepTomRice", "@TXRandy14", "@RepLowenthal", "@RepAnnWagner", "@RepFitzgerald", "@RodneyDavis", "@RepDaveJoyce", "@RepAndyHarrisMD", "@MikeKellyPA", "@RepDavidRouzer", "@RepCartwright", "@claudiatenney", "@RepDLamborn", "@RepBonamici", "@RepTerriSewell", "@Call_Me_Dutch", "@CongPalazzo", "@MarshaBlackburn", "@RepAnnaEshoo", "@HerreraBeutler", "@RepGosar", "@RepMcKinley", "@RepJeffDuncan", "@RepWalberg", "@RepHartzler", "@RepMoBrooks", "@DesJarlaisTN04", "@RepBobGibbs", "@RepLarryBucshon", "@AustinScottGA08", "@rep_stevewomack", "@RepMGriffith", "@RepWilson", "@RepHuizenga", "@RepRickCrawford", "@RepDavid", "@RepKinzinger", "@SenatorTimScott", "@RepBillJohnson", "@BobbyScott", "@RepKayGranger", "@RepDavidEPrice", "@RepFredUpton", "@RepDwightEvans", "@RepGaramendi", "@RepJoeCourtney", "@RepMikeTurner", "@RepSmucker", "@repdonyoung", "@RepMikeRogersAL", "@BradSherman", "@RepSamGraves", "@RepDianaDeGette", "@PatrickMcHenry", "@RepGusBilirakis", "@congbillposey", "@PeteSessions", "@KenCalvert", "@DarrellIssa", "@SenShelby", "@VernBuchanan", "@RepKevinBrady", "@GOPLeader", "@senrobportman", "@JeffFortenberry", "@RepScottPerry", "@JerryMoran", "@JudgeCarter", "@virginiafoxx", "@boblatta", "@RobWittman", "@JohnCornyn"], "RepMoBrooks": ["@Rep_Clyde", "@RepTroyNehls", "@RepHarshbarger", "@RepBobGood", "@RepSpartz", "@RepRosendale", "@RepMalliotakis", "@RepBurgessOwens", "@RepHerrell", "@RepMTG", "@SenateDems", "@HouseDemocrats", "@TGowdySC", "@RepGarbarino", "@RepKatCammack", "@RepLisaMcClain", "@RepDonaldsPress", "@RepFranklin", "@RepMaryMiller", "@RepPatFallon", "@RepBoebert", "@RepJerryCarl", "@RepBarryMoore", "@RepBlakeMoore", "@RepTiffany", "@RepMikeGarcia", "@RepDanBishop", "@RepFredKeller", "@RepGregSteube", "@RepGregPence", "@RepCarolMiller", "@RepJohnRose", "@RepGolden", "@RepMeuser", "@RepArmstrongND", "@RepMarkGreen", "@RepRussFulcher", "@RepPeteStauber", "@repkevinhern", "@RepChrisPappas", "@RepAGonzalez", "@RepCloudTX", "@Lancegooden", "@RepTimBurchett", "@RepDLesko", "@RepRalphNorman", "@RepRonEstes", "@RepRutherfordFL", "@RepMikeJohnson", "@RepMattGaetz", "@RepAlLawsonJr", "@RepTedBudd", "@RepLizCheney", "@RepAndyBiggsAZ", "@RepArrington", "@RepJimBanks", "@RepDavidKustoff", "@RepGallagher", "@DrNealDunnFL2", "@RepJackBergman", "@CongressmanRaja", "@RepTrey", "@RepOHalleran", "@RepDrewFerguson", "@RepValDemings", "@WarrenDavidson", "@RepTrentKelly", "@CongressmanHice", "@RepKathleenRice", "@RepDebDingell", "@RepBost", "@RepAlexMooney", "@RepFrenchHill", "@RepBrianBabin", "@RepTomEmmer", "@RepLawrence", "@RepKenBuck", "@USRepGaryPalmer", "@RepWesterman", "@RepLeeZeldin", "@RepMoolenaar", "@USRepLong", "@SteveScalise", "@repmarkpocan", "@RepAndyBarr", "@SenatorSinema", "@RepChrisStewart", "@RepSchneider", "@RepLaMalfa", "@RepWalorski", "@RepMullin", "@RepTomRice", "@TXRandy14", "@RepAnnWagner", "@RepFitzgerald", "@RodneyDavis", "@RepDaveJoyce", "@RepThomasMassie", "@MikeKellyPA", "@RepCartwright", "@claudiatenney", "@RepDLamborn", "@RepHalRogers", "@RepBradWenstrup", "@RepTerriSewell", "@Call_Me_Dutch", "@CongPalazzo", "@MarshaBlackburn", "@RepJoeWilson", "@RepAnnaEshoo", "@RepFrankLucas", "@RepGosar", "@RepMcKinley", "@RepJeffDuncan", "@RepWalberg", "@RepSteveChabot", "@DesJarlaisTN04", "@RepChuck", "@RepBobGibbs", "@RepLarryBucshon", "@AustinScottGA08", "@rep_stevewomack", "@RepMGriffith", "@RepHuizenga", "@RepRickCrawford", "@RepDavid", "@SenatorTimScott", "@RepBillJohnson", "@SenCapito", "@BobbyScott", "@RepKayGranger", "@TTuberville", "@Robert_Aderholt", "@RepMikeTurner", "@RepSmucker", "@RepMikeRogersAL", "@BradSherman", "@RepSamGraves", "@RepGusBilirakis", "@congbillposey", "@PeteSessions", "@DarrellIssa", "@replouiegohmert", "@SenShelby", "@VernBuchanan", "@RepKevinBrady", "@GOPLeader", "@senrobportman", "@JeffFortenberry", "@RepScottPerry", "@Jim_Jordan", "@JudgeCarter", "@boblatta", "@RobWittman", "@JohnCornyn", "@SteveDaines"], "USRepGaryPalmer": ["@SenateDems", "@SenateGOP", "@SenToddYoung", "@RepMalliotakis", "@RepHerrell", "@RepGarbarino", "@RepKatCammack", "@RepLisaMcClain", "@RepDonaldsPress", "@RepMaryMiller", "@RepTonyGonzales", "@RepNancyMace", "@RepPatFallon", "@RepBoebert", "@RepPfluger", "@RepJerryCarl", "@RepAshleyHinson", "@RepBethVanDuyne", "@RepBarryMoore", "@RepTiffany", "@RepMikeGarcia", "@RepFredKeller", "@RepGregSteube", "@RepLucyMcBath", "@RepGregPence", "@RepJohnJoyce", "@RepJohnRose", "@RepGolden", "@RepMeuser", "@RepArmstrongND", "@RepTimmons", "@RepRussFulcher", "@RepPeteStauber", "@RepChrisPappas", "@RepAGonzalez", "@RepCloudTX", "@RepTimBurchett", "@RepDLesko", "@RepJohnCurtis", "@RepRonEstes", "@RepClayHiggins", "@RepRutherfordFL", "@RepMikeJohnson", "@RepJenniffer", "@RepDonBacon", "@RepMattGaetz", "@RepAlLawsonJr", "@RepTedBudd", "@RepLizCheney", "@SenJohnKennedy", "@RepAndyBiggsAZ", "@RepBrianFitz", "@RepArrington", "@RepJimBanks", "@RepGallagher", "@DrNealDunnFL2", "@RepJackBergman", "@CongressmanRaja", "@RepTrey", "@RepDrewFerguson", "@RepLaHood", "@RepTrentKelly", "@RepTedLieu", "@RepGrothman", "@CongressmanHice", "@RepBuddyCarter", "@RepKathleenRice", "@RepBost", "@RepAlexMooney", "@RepStefanik", "@RepFrenchHill", "@RepGarretGraves", "@RepNewhouse", "@RepBrianBabin", "@RepTomEmmer", "@RepLoudermilk", "@RepKenBuck", "@RepWesterman", "@RepLeeZeldin", "@RepMoolenaar", "@USRepLong", "@SteveScalise", "@repmarkpocan", "@SenatorSinema", "@RepRWilliams", "@RepChrisStewart", "@RepSchneider", "@RepLaMalfa", "@RepMullin", "@RepTomRice", "@TXRandy14", "@RepLowenthal", "@RepAnnWagner"], "RepTerriSewell": ["@SenateGOP", "@SenateDems", "@HouseDemocrats", "@RepShontelBrown", "@Rep_Stansbury", "@RepTroyCarter", "@RepDeborahRoss", "@RepMrvan", "@RepMondaire", "@RepNikema", "@RepTeresaLF", "@RepHerrell", "@RepBowman"], "repdonyoung": ["@Rep_Clyde", "@RepTroyNehls", "@RepMMM", "@RepBentz", "@RepHarshbarger", "@RepNikema", "@RepTeresaLF", "@RepFeenstra", "@RepRosendale", "@RepMalliotakis", "@SenateDems", "@SenateGOP", "@HouseDemocrats"], "RepAmata": ["@SenateDems", "@SenateGOP", "@HouseDemocrats", "@Rep_Clyde", "@RepMMM", "@RepHerrell", "@RepSteel", "@RepBarryMoore", "@RepTiffany", "@RepJohnRose", "@RepGolden", "@RepAndyKimNJ", "@RepRussFulcher"], "RepOHalleran": ["@SenateDems", "@SenateGOP", "@HouseDemocrats", "@Rep_Stansbury", "@RepTroyCarter", "@RepDeborahRoss", "@RepMondaire", "@RepNikema", "@RepTeresaLF", "@RepHerrell", "@RepStricklandWA", "@RepTonyGonzales", "@RepKManning", "@RepAngieCraig", "@RepJasonCrow", "@RepLoriTrahan", "@RepTimmons", "@RepRashida", "@RepAOC", "@RepSusieLee", "@RepAndyKimNJ", "@RepSpanberger", "@RepRussFulcher", "@RepColinAllred", "@RepHaleyStevens", "@RepPeteStauber", "@RepEscobar", "@RepMikeLevin", "@RepSusanWild", "@RepChrisPappas", "@RepMGS", "@RepJoeMorelle", "@RepDeanPhillips", "@RepHoulahan", "@RepWexton", "@RepDLesko", "@Kilili_Sablan", "@RepRalphNorman", "@RepMikeJohnson", "@RepAnthonyBrown", "@RepDarrenSoto", "@SenJackyRosen", "@RepGonzalez", "@RepAlLawsonJr", "@RepLBR", "@RepBarragan", "@RepTomSuozzi", "@RepAndyBiggsAZ", "@RepBrianFitz", "@RepRoKhanna", "@RepMcEachin", "@RepJayapal", "@RepJoshG", "@CongressmanRaja", "@RepRaskin", "@RepValDemings", "@RepStephMurphy", "@CongBoyle", "@RepTedLieu", "@RepPeteAguilar", "@RepKathleenRice", "@RepDebDingell", "@RepBonnie", "@RepDeSaulnier", "@RepRubenGallego", "@RepBost", "@RepDonBeyer", "@RepAdams", "@RepTomEmmer", "@RepJimmyGomez", "@RepKClark", "@USRepKCastor", "@RepBeatty", "@PeterWelch", "@RepRobinKelly", "@RepJuanVargas", "@RepBrownley", "@RepCardenas", "@repmarkpocan", "@RepCheri", "@SenatorSinema", "@RepBillFoster", "@RepSeanMaloney", "@RepSchneider", "@RepHuffman", "@RepLaMalfa", "@RepAnnieKuster", "@RepDanKildee", "@RepDelBene", "@SenWarren", "@RepBera", "@RepSwalwell", "@RepCartwright", "@claudiatenney", "@RepMarcyKaptur", "@BettyMcCollum04", "@RepRoybalAllard", "@RepJeffries", "@RepCicilline", "@RepRickLarsen", "@RepMcNerney", "@RepSarbanes", "@RepLindaSanchez", "@RepStephenLynch", "@Call_Me_Dutch", "@RepBobbyRush", "@RepThompson", "@RepBarbaraLee", "@RepJimCosta", "@RepGosar", "@RepHartzler", "@RepDavid", "@RepCuellar", "@WhipClyburn", "@repdavidscott", "@RepEBJ", "@repcleaver", "@BobbyScott", "@rosadelauro", "@RepRonKind", "@RepDwightEvans", "@BennieGThompson", "@GerryConnolly", "@BillPascrell", "@RepAdamSmith", "@RepJohnLarson", "@RepSmucker", "@RepJerryNadler", "@repdonyoung", "@FrankPallone", "@RepDianaDeGette", "@RepSpeier", "@EleanorNorton", "@RepGwenMoore", "@repjimcooper", "@RepSchrader", "@SenatorLujan", "@JimLangevin", "@JudgeCarter", "@SpeakerPelosi", "@MarkWarner"]}