{"SenHydeSmith": ["@RepRussFulcher", "@SenatorRomney", "@RepChrisPappas", "@RepCloudTX", "@SenBillCassidy", "@SenJohnKennedy", "@CongressmanRaja", "@RepLaHood", "@RepTrentKelly", "@CongressmanHice", "@RepAlexMooney", "@SenThomTillis", "@SenatorRounds", "@SenJoniErnst", "@RogerMarshallMD", "@SenatorRisch", "@SenatorFischer", "@SenKevinCramer", "@SenatorTester", "@SenJohnHoeven", "@CongPalazzo", "@SenJohnThune", "@MarshaBlackburn", "@SenatorWicker", "@RepJoeWilson", "@RepGosar", "@RepJeffDuncan", "@SenRonJohnson", "@SenatorLankford", "@SenatorTimScott", "@SenJohnBarrasso", "@SenCapito", "@SenRickScott", "@SenatorCantwell", "@BennieGThompson", "@SenLummis", "@SenShelby", "@SenatorCollins", "@JerryMoran", "@Jim_Jordan", "@lisamurkowski", "@boblatta", "@ChrisCoons", "@JohnCornyn", "@JohnBoozman"], "HawleyMO": ["@RepAshleyHinson", "@RepBarryMoore", "@RepDanBishop", "@RepGregSteube", "@JakeLaTurner", "@RepMichaelGuest", "@RepArmstrongND", "@RepMarkGreen", "@RepRussFulcher", "@RepCloudTX", "@SenHydeSmith", "@RepMattGaetz", "@RepTedBudd", "@SenJohnKennedy", "@RepArrington", "@RepJimBanks", "@GReschenthaler", "@RepLaHood", "@RepTrentKelly", "@CongressmanHice", "@RepAlexMooney", "@RepStefanik", "@RepTomEmmer", "@RepKenBuck", "@SenJoniErnst", "@RepJasonSmith", "@USRepLong", "@RogerMarshallMD", "@RepRichHudson", "@michaelgwaltz", "@claudiatenney", "@RepDLamborn", "@SenJohnThune", "@MarshaBlackburn", "@RepGosar", "@RepJeffDuncan", "@RepHartzler", "@RepMoBrooks", "@Sen_JoeManchin", "@RepHuizenga", "@SenRonJohnson", "@SenatorLankford", "@RepBillJohnson", "@ToddYoungIN", "@RepSamGraves", "@SenLummis", "@RoyBlunt", "@SenatorCollins", "@senrobportman", "@JudgeCarter", "@JohnCornyn"], "SteveDaines": ["@Rep_Clyde", "@RepRosendale", "@RepHerrell", "@RepLisaMcClain", "@RepMaryMiller", "@RepPfluger", "@RepBarryMoore", "@RepBlakeMoore", "@RepTiffany", "@RepGregPence", "@RepGolden", "@RepMeuser", "@RepRussFulcher", "@RepAGonzalez", "@RepCloudTX", "@SenBillCassidy", "@SenHydeSmith", "@RepRonEstes", "@RepMattGaetz", "@RepTedBudd", "@SenJohnKennedy", "@RepArrington", "@RepGallagher", "@CongressmanRaja", "@RepLaHood", "@RepTrentKelly", "@RepGrothman", "@CongressmanHice", "@RepBost", "@SenThomTillis", "@SenatorRounds", "@RepFrenchHill", "@RepNewhouse", "@USRepGaryPalmer", "@SenJoniErnst", "@RepWesterman", "@USRepLong", "@LeaderMcConnell", "@RogerMarshallMD", "@SteveScalise", "@repmarkpocan", "@RepDavidValadao", "@SenatorRisch", "@RepCheri", "@RepAndyBarr", "@SenatorSinema", "@RepRWilliams", "@SenatorBaldwin", "@SenTedCruz", "@SenatorFischer", "@RepLaMalfa", "@SenAngusKing", "@SenDuckworth", "@TXRandy14", "@RepAnnWagner", "@SenKevinCramer", "@RepFitzgerald", "@RodneyDavis", "@RepDaveJoyce", "@RepThomasMassie", "@SenTomCotton", "@RepAndyHarrisMD", "@RepRichHudson", "@michaelgwaltz", "@RepCartwright", "@claudiatenney", "@MikeCrapo", "@RepDLamborn", "@RepBradWenstrup", "@SenatorTester", "@SenJohnHoeven", "@Call_Me_Dutch", "@MarshaBlackburn", "@SenatorWicker", "@SenatorLeahy", "@RepGosar", "@RepMcKinley", "@RepJeffDuncan", "@RepHartzler", "@RepSteveChabot", "@SenGaryPeters", "@DesJarlaisTN04", "@rep_stevewomack", "@Sen_JoeManchin", "@RepHuizenga", "@SenRonJohnson", "@RepRickCrawford", "@SenRubioPress", "@SenatorLankford", "@SenatorBennet", "@SenToomey", "@SenatorTimScott", "@SenJohnBarrasso", "@SenCapito", "@SenBobCasey", "@RepKayGranger", "@SenRickScott", "@RepFredUpton", "@SenatorCantwell", "@RepGaramendi", "@SenMikeLee", "@ToddYoungIN", "@RepMikeTurner", "@SenSherrodBrown", "@repdonyoung", "@RepSamGraves", "@SenJeffMerkley", "@PeteSessions", "@EleanorNorton", "@SenLummis", "@DarrellIssa", "@SenMarkey", "@RoyBlunt", "@SenatorBurr", "@SenShelby", "@RepPerlmutter", "@GOPLeader", "@SenatorCollins", "@senrobportman", "@JerryMoran", "@lisamurkowski", "@boblatta", "@RobWittman", "@RepTimRyan", "@JohnCornyn", "@JohnBoozman"], "SenSasse": ["@RepGolden", "@RepMarkGreen", "@SenatorRomney", "@RepAGonzalez", "@RepCloudTX", "@SenBillCassidy", "@SenHydeSmith", "@RepRonEstes", "@RepJenniffer", "@RepDonBacon", "@SenJohnKennedy", "@RepAndyBiggsAZ", "@RepBrianFitz", "@RepArrington", "@RepJimBanks", "@RepDavidKustoff", "@RepGallagher", "@RepJackBergman", "@CongressmanRaja", "@SenCortezMasto", "@WarrenDavidson", "@RepLaHood", "@RepTrentKelly", "@CongressmanHice", "@RepBost", "@SenThomTillis", "@SenatorRounds", "@RepGarretGraves", "@RepTomEmmer", "@RepKenBuck", "@USRepGaryPalmer", "@SenJoniErnst", "@RepLeeZeldin", "@LeaderMcConnell", "@RogerMarshallMD", "@SteveScalise", "@repmarkpocan", "@SenatorRisch", "@SenatorSinema", "@SenatorFischer", "@RepLowenthal", "@RepFitzgerald", "@RepDaveJoyce", "@SenTomCotton", "@RepCartwright", "@claudiatenney", "@MikeCrapo", "@RepDLamborn", "@RepBradWenstrup", "@SenatorTester", "@SenJohnHoeven", "@Call_Me_Dutch", "@RepAdrianSmith", "@MarshaBlackburn", "@SenatorWicker", "@RepJeffDuncan", "@SenGaryPeters", "@Sen_JoeManchin", "@RepHuizenga", "@SenRonJohnson", "@SenRubioPress", "@SenatorLankford", "@SenatorBennet", "@SenToomey", "@SenatorTimScott", "@SenJohnBarrasso", "@SenCapito", "@SenBobCasey", "@SenRickScott", "@SenatorCantwell", "@SenatorCardin", "@SenMikeLee", "@SenSherrodBrown", "@repdonyoung", "@SenJeffMerkley", "@EleanorNorton", "@SenAmyKlobuchar", "@SenMarkey", "@RoyBlunt", "@SenatorBurr", "@SenShelby", "@GOPLeader", "@senrobportman", "@JeffFortenberry", "@JerryMoran", "@ChrisVanHollen", "@lisamurkowski", "@JudgeCarter", "@CoryBooker", "@JohnCornyn", "@SteveDaines", "@JohnBoozman"], "SenJackyRosen": ["@SenatorHick", "@RepCasten", "@RepGolden", "@RepGregStanton", "@RepSylviaGarcia", "@RepAndyLevin", "@RepAngieCraig", "@RepLoriTrahan", "@RepRashida", "@RepAOC", "@RepSusieLee", "@SenatorRomney", "@RepHaleyStevens", "@RepEscobar", "@RepChrisPappas", "@RepJoeMorelle", "@RepCloudTX", "@RepCori", "@RepConorLamb", "@SenTinaSmith", "@Kilili_Sablan", "@RepAnthonyBrown", "@RepDarrenSoto", "@RepGonzalez", "@RepBarragan", "@RepTomSuozzi", "@RepRoKhanna", "@RepMcEachin", "@RepCarbajal", "@RepJayapal", "@RepJoshG", "@CongressmanRaja", "@SenCortezMasto", "@RepOHalleran", "@RepRaskin", "@RepValDemings", "@RepStephMurphy", "@CongBoyle", "@RepTrentKelly", "@RepTedLieu", "@RepBonnie", "@RepRubenGallego", "@RepDonBeyer", "@SenatorRounds", "@RepAdams", "@RepJimmyGomez", "@RepRobinKelly", "@RepBrownley", "@RogerMarshallMD", "@RepCardenas", "@repmarkpocan", "@MartinHeinrich", "@RepCheri", "@SenatorSinema", "@RepBillFoster", "@SenatorBaldwin", "@RepSeanMaloney", "@RepSchneider", "@SenatorFischer", "@SenDuckworth", "@SenKevinCramer", "@SenWarren", "@RepSwalwell", "@RepCartwright", "@RepMarcyKaptur", "@BettyMcCollum04", "@SenatorTester", "@RepRoybalAllard", "@SenFeinstein", "@MarkAmodeiNV2", "@RepHorsford", "@RepSarbanes", "@RepLindaSanchez", "@Call_Me_Dutch", "@SenBlumenthal", "@RonWyden", "@SenatorCarper", "@RepBarbaraLee", "@SenatorDurbin", "@SenatorLeahy", "@RepGosar", "@SenGaryPeters", "@Sen_JoeManchin", "@RepWilson", "@SenRonJohnson", "@JoaquinCastrotx", "@SenatorLankford", "@SenatorTimScott", "@WhipClyburn", "@SenBobCasey", "@RepEBJ", "@BobbyScott", "@RepTedDeutch", "@SenRickScott", "@repdinatitus", "@SenatorCantwell", "@SenatorCardin", "@maziehirono", "@RepDwightEvans", "@JacksonLeeTX18", "@SenStabenow", "@SenSherrodBrown", "@RepJerryNadler", "@FrankPallone", "@SenSanders", "@SenJeffMerkley", "@RepSpeier", "@EleanorNorton", "@SenMarkey", "@SenatorCollins", "@SenatorLujan", "@senrobportman", "@SenatorMenendez", "@JerryMoran", "@ChrisVanHollen", "@lisamurkowski", "@CoryBooker", "@ChrisCoons", "@JohnCornyn", "@MarkWarner"], "Maggie_Hassan": ["@RepCasten", "@RepAnnieKuster", "@RepSwalwell", "@RepHorsford", "@SenatorShaheen", "@SenGillibrand", "@brianschatz", "@CoryBooker"], "CoryBooker": ["@RepPressley", "@RepDavidTrone", "@RepUnderwood", "@RepDavids", "@RepAndyLevin", "@RepJasonCrow", "@RepLoriTrahan", "@RepRashida", "@RepAOC", "@RepSpanberger", "@RepJoeNeguse", "@RepSusanWild", "@RepJoeMorelle", "@RepDeanPhillips", "@SenTinaSmith", "@Kilili_Sablan", "@RepAnthonyBrown", "@RepDarrenSoto", "@RepAlLawsonJr", "@RepEspaillat", "@RepBarragan", "@SenJohnKennedy", "@RepMcEachin", "@RepJayapal", "@RepJoshG", "@CongressmanRaja", "@SenCortezMasto", "@RepRaskin", "@RepValDemings", "@kaikahele", "@CongBoyle", "@RepTrentKelly", "@DonaldNorcross", "@RepMoulton", "@RepTedLieu", "@RepKathleenRice", "@RepDebDingell", "@RepBonnie", "@RepDeSaulnier", "@RepRubenGallego", "@SenThomTillis", "@RepDonBeyer", "@SenatorRounds", "@RepAdams", "@RepLawrence", "@RepLeeZeldin", "@StaceyPlaskett", "@RepJimmyGomez", "@RepBeatty", "@RepRobinKelly", "@RepBrownley", "@RogerMarshallMD", "@RepCardenas", "@repmarkpocan", "@RepDonaldPayne", "@RepDWStweets", "@MartinHeinrich", "@RepCheri", "@SenatorSinema", "@RepBillFoster", "@SenatorBaldwin", "@SenTedCruz", "@RepVeasey", "@RepSeanMaloney", "@SenatorFischer", "@RepHuffman", "@SenAngusKing", "@SenDuckworth", "@RepLowenthal", "@RepGraceMeng", "@RepDanKildee", "@SenWarren", "@RepSwalwell", "@RepDannyDavis", "@RepCartwright", "@claudiatenney", "@MikeCrapo", "@ossoff", "@SenatorTester", "@SenFeinstein", "@RepJeffries", "@GKButterfield", "@RepHorsford", "@RepMcNerney", "@RepTerriSewell", "@RepSarbanes", "@Maggie_Hassan", "@RepLindaSanchez", "@Call_Me_Dutch", "@RepBobbyRush", "@PattyMurray", "@SenBlumenthal", "@RepZoeLofgren", "@RepMaloney", "@SenatorCarper", "@RepAnnaEshoo", "@RepBarbaraLee", "@SenatorDurbin", "@SenatorLeahy", "@SenWhitehouse", "@RepKarenBass", "@SenGaryPeters", "@RaphaelWarnock", "@Sen_JoeManchin", "@RepWilson", "@SenRonJohnson", "@JoaquinCastrotx", "@SenatorLankford", "@SenatorBennet", "@SenToomey", "@SenatorTimScott", "@RandPaul", "@RepAndreCarson", "@RepJudyChu", "@WhipClyburn", "@SenBobCasey", "@repdavidscott", "@RepEBJ", "@NydiaVelazquez", "@repcleaver", "@RepCohen", "@BobbyScott", "@RepKayGranger", "@RepAlGreen", "@RepDavidEPrice", "@ChrisMurphyCT", "@rosadelauro", "@RepTedDeutch", "@SenRickScott", "@repdinatitus", "@SenatorCantwell", "@RepRonKind", "@SenatorShaheen", "@SenatorCardin", "@maziehirono", "@RepDwightEvans", "@RepGaramendi", "@SenMikeLee", "@AlexPadilla4CA", "@BennieGThompson", "@JacksonLeeTX18", "@ricardorossello", "@SenStabenow", "@BillPascrell", "@SenGillibrand", "@RepAdamSmith", "@RepJohnLarson", "@brianschatz", "@RepJerryNadler", "@DorisMatsui", "@RepMaxineWaters", "@FrankPallone", "@jahimes", "@BradSherman", "@RepAdamSchiff", "@SenSanders", "@SenJeffMerkley", "@RepDianaDeGette", "@RepSpeier", "@RepHankJohnson", "@janschakowsky", "@EleanorNorton", "@RepGregoryMeeks", "@RepGwenMoore", "@DarrellIssa", "@SenAmyKlobuchar", "@SenMarkey", "@RoyBlunt", "@RepPerlmutter", "@VernBuchanan", "@SenatorLujan", "@senrobportman", "@JimLangevin", "@RepSires", "@SenatorMenendez", "@JerryMoran", "@Jim_Jordan", "@ChrisVanHollen", "@lisamurkowski", "@SenSchumer", "@SpeakerPelosi", "@ChrisCoons", "@RepTimRyan", "@JohnCornyn", "@MarkWarner"], "SenatorLujan": ["@SenatorHick", "@RepRitchie", "@RepCasten", "@RepLucyMcBath", "@RepJahanaHayes", "@RepEdCase", "@RepKirkpatrick", "@RepMalinowski", "@RepGolden", "@RepGregStanton", "@RepSylviaGarcia", "@RepDavidTrone", "@RepSherrill", "@RepUnderwood", "@RepDavids", "@RepAngieCraig", "@RepJasonCrow", "@RepLoriTrahan", "@RepRashida", "@RepAOC", "@RepAndyKimNJ", "@RepSpanberger", "@RepJoeNeguse", "@RepRussFulcher", "@SenatorRomney", "@RepSlotkin", "@RepHaleyStevens", "@RepEscobar", "@RepMikeLevin", "@RepSusanWild", "@RepChrisPappas", "@RepMGS", "@RepJoeMorelle", "@RepDeanPhillips", "@RepAGonzalez", "@RepHoulahan", "@RepWexton", "@RepCori", "@SenTinaSmith", "@Kilili_Sablan", "@RepDarrenSoto", "@SenJackyRosen", "@RepGonzalez", "@RepAlLawsonJr", "@RepLBR", "@RepBarragan", "@RepRoKhanna", "@RepMcEachin", "@RepCarbajal", "@RepJayapal", "@CongressmanRaja", "@RepOHalleran", "@RepRaskin", "@RepValDemings", "@RepStephMurphy", "@CongBoyle", "@DonaldNorcross", "@RepMoulton", "@RepTedLieu", "@RepPeteAguilar", "@RepKathleenRice", "@RepDebDingell", "@RepBonnie", "@RepDeSaulnier", "@RepRubenGallego", "@RepDonBeyer", "@StaceyPlaskett", "@RepJimmyGomez", "@RepKClark", "@USRepKCastor", "@RepBeatty", "@USRepLong", "@PeterWelch", "@RepRobinKelly", "@RepJuanVargas", "@RepBrownley", "@RogerMarshallMD", "@RepCardenas", "@repmarkpocan", "@RepDWStweets", "@RepScottPeters", "@MartinHeinrich", "@RepCheri", "@RepRaulRuizMD", "@RepFilemonVela", "@SenatorSinema", "@RepBillFoster", "@RepLoisFrankel", "@SenatorBaldwin", "@RepVeasey", "@RepSeanMaloney", "@RepSchneider", "@RepHuffman", "@RepWalorski", "@SenDuckworth", "@RepLowenthal", "@RodneyDavis", "@RepDaveJoyce", "@SenWarren", "@RepBera", "@RepSwalwell", "@RepCartwright", "@RepMarcyKaptur", "@RepDean", "@RepBonamici", "@BettyMcCollum04", "@SenatorTester", "@RepRoybalAllard", "@SenFeinstein", "@RepJeffries", "@RepCicilline", "@GKButterfield", "@RepRickLarsen", "@RepHorsford", "@RepMcNerney", "@RepJohnYarmuth", "@RepTerriSewell", "@RepSarbanes", "@RepLindaSanchez", "@Call_Me_Dutch", "@RepBobbyRush", "@RepThompson", "@SenBlumenthal", "@RepZoeLofgren", "@StenyHoyer", "@RepMaloney", "@SanfordBishop", "@RepBarbaraLee", "@SenatorDurbin", "@RepMcGovern", "@RepKarenBass", "@RepWilson", "@SenRonJohnson", "@JoaquinCastrotx", "@RepCuellar", "@RepAndreCarson", "@WhipClyburn", "@timkaine", "@SenBobCasey", "@repdavidscott", "@RepEBJ", "@NydiaVelazquez", "@repcleaver", "@BobbyScott", "@RepKayGranger", "@gracenapolitano", "@RepAlGreen", "@RepDavidEPrice", "@rosadelauro", "@RepFredUpton", "@repdinatitus", "@RepRonKind", "@SenatorShaheen", "@SenatorCardin", "@maziehirono", "@RepDwightEvans", "@RepGaramendi", "@JacksonLeeTX18", "@SenStabenow", "@RepAdamSmith", "@RepMikeQuigley", "@RepJohnLarson", "@RepJerryNadler", "@DorisMatsui", "@RepMaxineWaters", "@FrankPallone", "@SenJeffMerkley", "@RepRaulGrijalva", "@RepDianaDeGette", "@RepSpeier", "@RepHankJohnson", "@janschakowsky", "@EleanorNorton", "@RepGregoryMeeks", "@RepGwenMoore", "@DarrellIssa", "@SenMarkey", "@RepPerlmutter", "@RepSchrader", "@JimLangevin", "@JeffFortenberry", "@RepSires", "@SenatorMenendez", "@ChrisVanHollen", "@lisamurkowski", "@CoryBooker", "@SpeakerPelosi", "@RobWittman", "@ChrisCoons", "@chelliepingree", "@RepTimRyan", "@MarkWarner"], "SenGillibrand": ["@RepCasten", "@Ilhan", "@RepJahanaHayes", "@RepKirkpatrick", "@RepKatiePorter", "@RepCindyAxne", "@RepSylviaGarcia", "@RepPressley", "@RepDavidTrone", "@RepSherrill", "@RepUnderwood", "@RepDavids", "@RepAndyLevin", "@RepEscobar", "@RepMikeLevin", "@RepSusanWild", "@RepMGS", "@RepJoeMorelle", "@RepCloudTX", "@SenTinaSmith", "@Kilili_Sablan", "@RepAnthonyBrown", "@RepJenniffer", "@RepDarrenSoto", "@RepAlLawsonJr", "@RepEspaillat", "@RepLBR", "@RepBarragan", "@SenJohnKennedy", "@RepRoKhanna", "@RepCarbajal", "@SenCortezMasto", "@RepRaskin", "@RepValDemings", "@RepStephMurphy", "@kaikahele", "@RepTrentKelly", "@RepMoulton", "@RepTedLieu", "@RepKathleenRice", "@RepDebDingell", "@RepBonnie", "@RepDeSaulnier", "@RepRubenGallego", "@SenThomTillis", "@RepDonBeyer", "@RepStefanik", "@SenatorRounds", "@RepAdams", "@RepLeeZeldin", "@StaceyPlaskett", "@RepJimmyGomez", "@RepKClark", "@USRepKCastor", "@PeterWelch", "@RepRobinKelly", "@RepJuanVargas", "@RepBrownley", "@RogerMarshallMD", "@RepCardenas", "@repmarkpocan", "@RepDonaldPayne", "@RepDWStweets", "@MartinHeinrich", "@RepCheri", "@SenatorSinema", "@RepBillFoster", "@RepLoisFrankel", "@SenatorBaldwin", "@SenTedCruz", "@RepVeasey", "@RepSeanMaloney", "@SenatorFischer", "@RepHuffman", "@SenAngusKing", "@RepAnnieKuster", "@SenDuckworth", "@RepLowenthal", "@RepGraceMeng", "@RepDanKildee", "@RepDelBene", "@RepSwalwell", "@RepCartwright", "@claudiatenney", "@MikeCrapo", "@RepMarcyKaptur", "@RepDean", "@RepBonamici", "@ossoff", "@BettyMcCollum04", "@SenatorTester", "@SenFeinstein", "@RepJeffries", "@RepHorsford", "@RepMcNerney", "@RepTerriSewell", "@RepSarbanes", "@RepLindaSanchez", "@Call_Me_Dutch", "@PattyMurray", "@SenBlumenthal", "@RepZoeLofgren", "@RepMaloney", "@RepPeterDeFazio", "@RonWyden", "@SenatorCarper", "@RepAnnaEshoo", "@RepBarbaraLee", "@SenatorLeahy", "@SenWhitehouse", "@RepMcGovern", "@RepKarenBass", "@SenGaryPeters", "@NormaJTorres", "@RepLarryBucshon", "@Sen_JoeManchin", "@RepWilson", "@RepHuizenga", "@SenRonJohnson", "@JoaquinCastrotx", "@SenatorLankford", "@SenatorBennet", "@SenatorTimScott", "@RandPaul", "@RepCuellar", "@SenCapito", "@RepJudyChu", "@WhipClyburn", "@timkaine", "@SenBobCasey", "@repdavidscott", "@RepEBJ", "@NydiaVelazquez", "@repcleaver", "@BobbyScott", "@RepAlGreen", "@RepDavidEPrice", "@rosadelauro", "@SenRickScott", "@repdinatitus", "@SenatorCantwell", "@SenatorShaheen", "@SenatorCardin", "@maziehirono", "@RepDwightEvans", "@RepGaramendi", "@SenMikeLee", "@RepJoeCourtney", "@RepPaulTonko", "@JacksonLeeTX18", "@ricardorossello", "@SenStabenow", "@RepAdamSmith", "@RepMikeQuigley", "@RepJohnLarson", "@brianschatz", "@RepJerryNadler", "@DorisMatsui", "@RepMaxineWaters", "@RepBrianHiggins", "@FrankPallone", "@BradSherman", "@RepSamGraves", "@RepAdamSchiff", "@SenSanders", "@SenJeffMerkley", "@RepRaulGrijalva", "@RepDianaDeGette", "@RepSpeier", "@RepHankJohnson", "@janschakowsky", "@EleanorNorton", "@RepGregoryMeeks", "@DarrellIssa", "@SenAmyKlobuchar", "@SenMarkey", "@SenatorBurr", "@RepPerlmutter", "@RepSchrader", "@SenatorCollins", "@SenatorLujan", "@JimLangevin", "@SenatorMenendez", "@ChrisVanHollen", "@lisamurkowski", "@SenSchumer", "@virginiafoxx", "@CoryBooker", "@RobWittman", "@ChrisCoons", "@chelliepingree", "@RepTimRyan", "@JohnCornyn", "@MarkWarner"], "SenThomTillis": ["@RepGregMurphy", "@RepJimBaird", "@RepGolden", "@SenatorRomney", "@RepCloudTX", "@SenBillCassidy", "@SenHydeSmith", "@Kilili_Sablan", "@RepRonEstes", "@RepJenniffer", "@RepTedBudd", "@SenJohnKennedy", "@CongressmanRaja", "@SenCortezMasto", "@RepValDemings", "@WarrenDavidson", "@RepLaHood", "@RepTrentKelly", "@CongressmanHice", "@RepBost", "@SenatorRounds", "@RepFrenchHill", "@RepAdams", "@RepLoudermilk", "@USRepGaryPalmer", "@SenJoniErnst", "@RepLeeZeldin", "@LeaderMcConnell", "@RogerMarshallMD", "@repmarkpocan", "@MartinHeinrich", "@SenatorRisch", "@SenatorSinema", "@SenatorBaldwin", "@SenatorFischer", "@SenAngusKing", "@RepTomRice", "@RepLowenthal", "@SenKevinCramer", "@RepFitzgerald", "@SenTomCotton", "@RepRichHudson", "@RepDavidRouzer", "@RepCartwright", "@claudiatenney", "@MikeCrapo", "@RepDLamborn", "@SenatorTester", "@SenFeinstein", "@GKButterfield", "@SenJohnHoeven", "@Call_Me_Dutch", "@SenJohnThune", "@MarshaBlackburn", "@SenatorWicker", "@SenatorCarper", "@RepGosar", "@RepJeffDuncan", "@SenGaryPeters", "@Sen_JoeManchin", "@RepHuizenga", "@SenRonJohnson", "@SenRubioPress", "@SenatorLankford", "@SenToomey", "@RepKinzinger", "@SenatorTimScott", "@RandPaul", "@SenJohnBarrasso", "@SenCapito", "@SenBobCasey", "@SenRickScott", "@SenatorCantwell", "@SenatorShaheen", "@SenatorCardin", "@maziehirono", "@SenSherrodBrown", "@repdonyoung", "@RepSamGraves", "@SenJeffMerkley", "@PatrickMcHenry", "@SenAmyKlobuchar", "@SenMarkey", "@RoyBlunt", "@SenatorBurr", "@SenShelby", "@SenatorCollins", "@senrobportman", "@JerryMoran", "@lisamurkowski", "@SenSchumer", "@virginiafoxx", "@ChrisCoons", "@JohnCornyn", "@SteveDaines", "@MarkWarner", "@JohnBoozman"]}