{"ToddYoungIN": ["@SenJohnKennedy", "@michaelgwaltz", "@claudiatenney", "@SenRickScott", "@DarrellIssa", "@JohnCornyn", "@laurenboebert", "@SenateDems", "@SenToddYoung"], "GrassleyPress": ["@RepAshleyHinson", "@SenBillCassidy", "@RepRonEstes", "@SenJohnKennedy", "@RepAndyBiggsAZ", "@RepTrentKelly", "@CongressmanHice", "@SenatorRounds", "@RepAdams", "@RepKenBuck", "@SenJoniErnst", "@RogerMarshallMD", "@RepCheri", "@SenatorSinema", "@SenTedCruz", "@RepWalorski", "@RepFitzgerald", "@MikeCrapo", "@SenJohnHoeven", "@SenatorWicker", "@SenatorDurbin", "@RepGosar", "@RepJeffDuncan", "@RepKarenBass", "@Sen_JoeManchin", "@SenRonJohnson", "@SenatorTimScott", "@RandPaul", "@RepGaramendi", "@DarrellIssa", "@SenAmyKlobuchar", "@SenShelby", "@senrobportman", "@laurenboebert", "@SenateDems", "@SenToddYoung", "@RobWittman", "@JohnCornyn", "@SteveDaines"], "JerryMoran": ["@SenatorHagerty", "@RepMann", "@RepMMM", "@RepHerrell", "@RepBarryMoore", "@SenatorHick", "@RepGolden", "@RepDavids", "@RepRussFulcher", "@SenatorRomney", "@SenToddYoung", "@HouseDemocrats", "@HouseGOP", "@RepCloudTX", "@SenBillCassidy", "@SenHydeSmith", "@Kilili_Sablan", "@RepRonEstes", "@RepJenniffer", "@SenJackyRosen", "@SenJohnKennedy", "@RepDavidKustoff", "@CongressmanRaja", "@RepTrentKelly", "@RepMoulton", "@RepTedLieu", "@CongressmanHice", "@RepBost", "@SenThomTillis", "@RepDonBeyer", "@SenatorRounds", "@RepTomEmmer", "@RepLawrence", "@RepKenBuck", "@USRepGaryPalmer", "@SenJoniErnst", "@DanSullivan_AK", "@USRepLong", "@LeaderMcConnell", "@RogerMarshallMD", "@repmarkpocan", "@SenatorRisch", "@RepCheri", "@SenatorSinema", "@SenatorBaldwin", "@SenTedCruz", "@SenatorFischer", "@SenAngusKing", "@RepWalorski", "@RepMullin", "@SenDuckworth", "@RepLowenthal", "@RepAnnWagner", "@SenKevinCramer", "@RepFitzgerald", "@SenWarren", "@SenTomCotton", "@RepSwalwell", "@MikeKellyPA", "@RepCartwright", "@claudiatenney", "@MikeCrapo", "@SenatorTester", "@SenFeinstein", "@SenJohnHoeven", "@RepTerriSewell", "@Call_Me_Dutch", "@SenJohnThune", "@PattyMurray", "@MarshaBlackburn", "@SenBlumenthal", "@SenatorWicker", "@RonWyden", "@SenatorCarper", "@SenatorDurbin", "@RepGosar", "@RepMcKinley", "@SenGaryPeters", "@RepChuck", "@RepBobGibbs", "@RepLarryBucshon", "@Sen_JoeManchin", "@RepWilson", "@RepHuizenga", "@SenRonJohnson", "@SenRubioPress", "@SenatorLankford", "@SenatorBennet", "@SenToomey", "@SenatorTimScott", "@RandPaul", "@RepBillJohnson", "@RepCuellar", "@SenJohnBarrasso", "@SenCapito", "@SenBobCasey", "@repcleaver", "@RepKayGranger", "@SenRickScott", "@SenatorCantwell", "@maziehirono", "@RepGaramendi", "@SenMikeLee", "@SenSherrodBrown", "@repdonyoung", "@RepMikeRogersAL", "@FrankPallone", "@RepSamGraves", "@SenJeffMerkley", "@RepGusBilirakis", "@RepSpeier", "@PeteSessions", "@EleanorNorton", "@SenLummis", "@DarrellIssa", "@SenAmyKlobuchar", "@SenMarkey", "@RoyBlunt", "@SenatorBurr", "@SenShelby", "@VernBuchanan", "@SenatorCollins", "@senrobportman", "@Jim_Jordan", "@lisamurkowski", "@virginiafoxx", "@CoryBooker", "@boblatta", "@RobWittman", "@ChrisCoons", "@RepTimRyan", "@JohnCornyn", "@SteveDaines", "@MarkWarner", "@JohnBoozman"], "LeaderMcConnel": ["@laurenboebert", "@SenateDems", "@SenToddYoung"], "SenBillCassidy": ["@RepJuliaLetlow", "@RepTroyCarter", "@SenatorHagerty", "@RepMMM", "@RepSpartz", "@RepHerrell", "@RepBice", "@RepAshleyHinson", "@RepBarryMoore", "@SenatorHick", "@RepGregPence", "@RepJohnJoyce", "@RepGolden", "@RepSherrill", "@RepMarkGreen", "@SenatorRomney", "@RepColinAllred", "@RepDustyJohnson", "@RepCloudTX", "@SpeakerRyan", "@SenateDems", "@MariaBartiromo", "@SenHydeSmith", "@SenTinaSmith", "@RepClayHiggins", "@RepRutherfordFL", "@RepJenniffer", "@SenJackyRosen", "@SenJohnKennedy", "@RepArrington", "@RepJoshG", "@SenCortezMasto", "@RepLaHood", "@RepTrentKelly", "@CongressmanHice", "@SenThomTillis", "@SenatorRounds", "@RepFrenchHill", "@RepGarretGraves", "@RepWesterman", "@RepBeatty", "@RogerMarshallMD", "@SteveScalise", "@SenatorSinema", "@SenatorFischer", "@SenKevinCramer", "@SenTomCotton", "@claudiatenney", "@SenatorTester", "@CongPalazzo", "@MarshaBlackburn", "@SenatorWicker", "@SenatorCarper", "@RepGosar", "@RepJeffDuncan", "@Sen_JoeManchin", "@SenRonJohnson", "@SenatorLankford", "@SenatorTimScott", "@SenJohnBarrasso", "@SenCapito", "@SenBobCasey", "@SenRickScott", "@SenatorCantwell", "@SenSherrodBrown", "@repdonyoung", "@SenLummis", "@SenShelby", "@SenatorCollins", "@SenatorMenendez", "@Jim_Jordan", "@lisamurkowski", "@JohnCornyn", "@SteveDaines", "@MarkWarner"], "SenatorCollins": ["@SpeakerRyan", "@SenateDems", "@MariaBartiromo", "@RepHerrell", "@RepKatCammack", "@RepAshleyHinson", "@RepBarryMoore", "@SenatorHick", "@RepCasten", "@RepGolden", "@RepAndyLevin", "@RepRussFulcher", "@SenatorRomney", "@RepDeanPhillips", "@RepCloudTX", "@SenBillCassidy", "@RepDLesko", "@SenHydeSmith", "@SenTinaSmith", "@RepJohnCurtis", "@Kilili_Sablan", "@RepRonEstes", "@RepDarrenSoto", "@SenJackyRosen", "@RepLizCheney", "@SenJohnKennedy", "@RepBrianFitz", "@RepRoKhanna", "@RepDavidKustoff", "@RepJayapal", "@CongressmanRaja", "@SenCortezMasto", "@RepValDemings", "@RepStephMurphy", "@kaikahele", "@RepLaHood", "@RepTrentKelly", "@RepMoulton", "@RepTedLieu", "@CongressmanHice", "@RepKathleenRice", "@RepBost", "@SenThomTillis", "@SenatorRounds", "@RepFrenchHill", "@RepAdams", "@RepTomEmmer", "@RepLawrence", "@RepKenBuck", "@USRepGaryPalmer", "@SenJoniErnst", "@RepLeeZeldin", "@USRepLong", "@LeaderMcConnell", "@RogerMarshallMD", "@repmarkpocan", "@RepDWStweets", "@MartinHeinrich", "@SenatorRisch", "@RepCheri", "@RepAndyBarr", "@SenatorSinema", "@SenatorBaldwin", "@SenTedCruz", "@SenatorFischer", "@SenAngusKing", "@RepWalorski", "@SenDuckworth", "@RepLowenthal", "@RepAnnWagner", "@SenKevinCramer", "@RepFitzgerald", "@RepDaveJoyce", "@SenWarren", "@SenTomCotton", "@MikeKellyPA", "@RepCartwright", "@claudiatenney", "@MikeCrapo", "@RepDLamborn", "@SenatorTester", "@SenFeinstein", "@SenJohnHoeven", "@Call_Me_Dutch", "@SenJohnThune", "@PattyMurray", "@MarshaBlackburn", "@SenBlumenthal", "@SenatorWicker", "@RepMaloney", "@RonWyden", "@SenatorCarper", "@RepAnnaEshoo", "@SenatorDurbin", "@RepJimCosta", "@SenatorLeahy", "@SenWhitehouse", "@RepGosar", "@RepMcKinley", "@RepJeffDuncan", "@SenGaryPeters", "@RepBobGibbs", "@Sen_JoeManchin", "@RepWilson", "@SenRonJohnson", "@SenRubioPress", "@SenatorLankford", "@SenatorBennet", "@SenToomey", "@SenatorTimScott", "@RandPaul", "@RepBillJohnson", "@RepCuellar", "@SenJohnBarrasso", "@SenCapito", "@SenBobCasey", "@BobbyScott", "@RepKayGranger", "@SenRickScott", "@SenatorCantwell", "@SenatorShaheen", "@SenatorCardin", "@maziehirono", "@RepDwightEvans", "@RepGaramendi", "@SenMikeLee", "@RepJoeCourtney", "@SenStabenow", "@SenGillibrand", "@RepMikeTurner", "@brianschatz", "@SenSherrodBrown", "@repdonyoung", "@RepMikeRogersAL", "@FrankPallone", "@RepSamGraves", "@SenJeffMerkley", "@RepSpeier", "@janschakowsky", "@EleanorNorton", "@SenLummis", "@RepGregoryMeeks", "@DarrellIssa", "@SenAmyKlobuchar", "@SenMarkey", "@RoyBlunt", "@SenatorBurr", "@SenShelby", "@RepPerlmutter", "@GOPLeader", "@senrobportman", "@JimLangevin", "@JeffFortenberry", "@SenatorMenendez", "@JerryMoran", "@Jim_Jordan", "@ChrisVanHollen", "@lisamurkowski", "@SenSchumer", "@CoryBooker", "@boblatta", "@RobWittman", "@ChrisCoons", "@chelliepingree", "@RepTimRyan", "@JohnCornyn", "@SteveDaines", "@MarkWarner", "@JohnBoozman"], "SenatorCardin": ["@RepTroyCarter", "@RepDeborahRoss", "@SenatorHagerty", "@RepMondaire", "@RepHerrell", "@SenatorHick", "@RepKweisiMfume", "@RepCasten", "@RepGolden", "@RepSylviaGarcia", "@SenateDems", "@HouseDemocrats", "@SenToddYoung", "@RepDavidTrone", "@RepUnderwood", "@RepAngieCraig", "@RepLoriTrahan", "@RepRashida", "@RepAOC", "@RepSpanberger", "@RepJoeNeguse", "@SenatorRomney", "@RepEscobar", "@RepSusanWild", "@RepCloudTX", "@RepCori", "@SenTinaSmith", "@Kilili_Sablan", "@RepAnthonyBrown", "@RepDarrenSoto", "@SenJackyRosen", "@RepAlLawsonJr", "@SenJohnKennedy", "@RepRoKhanna", "@RepMcEachin", "@CongressmanRaja", "@SenCortezMasto", "@RepRaskin", "@kaikahele", "@RepTrentKelly", "@DonaldNorcross", "@RepTedLieu", "@RepBonnie", "@SenThomTillis", "@RepDonBeyer", "@SenatorRounds", "@RepFrenchHill", "@RepAdams", "@RepLawrence", "@RepLeeZeldin", "@RepKClark", "@PeterWelch", "@RepRobinKelly", "@RepBrownley", "@RogerMarshallMD", "@RepCardenas", "@repmarkpocan", "@RepDonaldPayne", "@RepDWStweets", "@MartinHeinrich", "@SenatorRisch", "@RepCheri", "@SenatorSinema", "@RepBillFoster", "@SenatorBaldwin", "@RepVeasey", "@RepSeanMaloney", "@SenatorFischer", "@RepHuffman", "@SenAngusKing", "@SenDuckworth", "@RepLowenthal", "@RepGraceMeng", "@RepDanKildee", "@SenWarren", "@RepAndyHarrisMD", "@RepSwalwell", "@RepCartwright", "@MikeCrapo", "@SenatorTester", "@RepRoybalAllard", "@SenFeinstein", "@GKButterfield", "@RepRickLarsen", "@RepHorsford", "@RepMcNerney", "@RepSarbanes", "@RepLindaSanchez", "@Call_Me_Dutch", "@PattyMurray", "@SenBlumenthal", "@StenyHoyer", "@SenatorWicker", "@RepMaloney", "@RepJoeWilson", "@RonWyden", "@SenatorCarper", "@SanfordBishop", "@RepBarbaraLee", "@SenatorDurbin", "@SenatorLeahy", "@SenWhitehouse", "@SenGaryPeters", "@RepLarryBucshon", "@Sen_JoeManchin", "@RepWilson", "@SenRonJohnson", "@SenRubioPress", "@SenatorLankford", "@SenatorBennet", "@SenToomey", "@SenatorTimScott", "@RepJudyChu", "@WhipClyburn", "@timkaine", "@SenBobCasey", "@RepEBJ", "@NydiaVelazquez", "@BobbyScott", "@RepDavidEPrice", "@rosadelauro", "@SenRickScott", "@SenatorCantwell", "@SenatorShaheen", "@maziehirono", "@RepDwightEvans", "@RepGaramendi", "@SenMikeLee", "@RepJoeCourtney", "@RepPaulTonko", "@GerryConnolly", "@SenStabenow", "@SenGillibrand", "@brianschatz", "@SenSherrodBrown", "@RepJerryNadler", "@DorisMatsui", "@FrankPallone", "@BradSherman", "@RepAdamSchiff", "@SenSanders", "@SenJeffMerkley", "@RepDianaDeGette", "@RepSpeier", "@RepHankJohnson", "@janschakowsky", "@EleanorNorton", "@RepGregoryMeeks", "@SenAmyKlobuchar", "@SenMarkey", "@SenatorBurr", "@RepPerlmutter", "@SenatorCollins", "@SenatorLujan", "@senrobportman", "@SenatorMenendez", "@ChrisVanHollen", "@lisamurkowski", "@SenSchumer", "@CoryBooker", "@ChrisCoons", "@JohnCornyn", "@MarkWarner"], "SenWarren": ["@SenateDems", "@HouseDemocrats", "@SenToddYoung", "@RepNikema", "@RepHerrell", "@RepBowman", "@RepStricklandWA", "@RepMarieNewman", "@RepAuchincloss", "@SenatorHick", "@RepRitchie", "@RepCasten", "@Ilhan", "@RepJahanaHayes", "@RepEdCase", "@RepKirkpatrick", "@RepKatiePorter", "@RepMalinowski", "@RepGolden", "@RepGregStanton", "@RepSylviaGarcia", "@RepPressley", "@RepDavidTrone", "@RepUnderwood", "@RepDavids", "@RepAndyLevin", "@RepAngieCraig", "@RepJasonCrow", "@RepLoriTrahan", "@RepRashida", "@RepAOC", "@RepSusieLee", "@RepSpanberger", "@RepJoeNeguse", "@SenatorRomney", "@RepSlotkin", "@RepEscobar", "@RepMikeLevin", "@RepSusanWild", "@RepMGS", "@RepJoeMorelle", "@RepDeanPhillips", "@RepCloudTX", "@RepCori", "@RepConorLamb", "@SenTinaSmith", "@Kilili_Sablan", "@RepAnthonyBrown", "@RepDarrenSoto", "@SenJackyRosen", "@RepGonzalez", "@RepAlLawsonJr", "@RepEspaillat", "@RepLBR", "@RepBarragan", "@SenJohnKennedy", "@RepRoKhanna", "@RepMcEachin", "@RepCarbajal", "@RepJayapal", "@CongressmanRaja", "@SenCortezMasto", "@RepRaskin", "@RepValDemings", "@RepStephMurphy", "@kaikahele", "@CongBoyle", "@RepTrentKelly", "@DonaldNorcross", "@RepMoulton", "@RepTedLieu", "@RepPeteAguilar", "@RepKathleenRice", "@RepBonnie", "@RepDeSaulnier", "@RepRubenGallego", "@RepBost", "@SenThomTillis", "@RepDonBeyer", "@SenatorRounds", "@RepAdams", "@RepLawrence", "@StaceyPlaskett", "@RepJimmyGomez", "@RepKClark", "@USRepKCastor", "@RepBeatty", "@PeterWelch", "@RepRobinKelly", "@RepJuanVargas", "@RepBrownley", "@RogerMarshallMD", "@RepCardenas", "@repmarkpocan", "@RepDWStweets", "@MartinHeinrich", "@RepCheri", "@RepFilemonVela", "@SenatorSinema", "@RepBillFoster", "@RepLoisFrankel", "@SenatorBaldwin", "@RepVeasey", "@RepSeanMaloney", "@SenatorFischer", "@RepHuffman", "@SenAngusKing", "@RepAnnieKuster", "@SenDuckworth", "@RepLowenthal", "@RepDanKildee", "@RepDelBene", "@RepBera", "@RepSwalwell", "@RepCartwright", "@claudiatenney", "@MikeCrapo", "@RepMarcyKaptur", "@RepDean", "@RepBonamici", "@BettyMcCollum04", "@SenatorTester", "@RepRoybalAllard", "@SenFeinstein", "@RepJeffries", "@RepRichardNeal", "@GKButterfield", "@RepRickLarsen", "@RepHorsford", "@RepMcNerney", "@RepJohnYarmuth", "@SenJohnHoeven", "@RepTerriSewell", "@RepSarbanes", "@GuamCongressman", "@RepLindaSanchez", "@RepStephenLynch", "@Call_Me_Dutch", "@RepBobbyRush", "@PattyMurray", "@SenBlumenthal", "@RepMaloney", "@RepPeterDeFazio", "@RonWyden", "@SenatorCarper", "@SanfordBishop", "@RepAnnaEshoo", "@RepBarbaraLee", "@SenatorDurbin", "@SenatorLeahy", "@SenWhitehouse", "@RepMcGovern", "@RepMcKinley", "@SenGaryPeters", "@NormaJTorres", "@RaphaelWarnock", "@Sen_JoeManchin", "@RepWilson", "@SenRonJohnson", "@JoaquinCastrotx", "@SenRubioPress", "@SenatorBennet", "@SenatorTimScott", "@RepJudyChu", "@WhipClyburn", "@SenBobCasey", "@repdavidscott", "@RepEBJ", "@NydiaVelazquez", "@repcleaver", "@BobbyScott", "@gracenapolitano", "@RepAlGreen", "@RepDavidEPrice", "@RepLloydDoggett", "@ChrisMurphyCT", "@rosadelauro", "@RepTedDeutch", "@SenRickScott", "@repdinatitus", "@SenatorCantwell", "@SenatorShaheen", "@SenatorCardin", "@maziehirono", "@RepDwightEvans", "@RepGaramendi", "@SenMikeLee", "@RepPaulTonko", "@BennieGThompson", "@JacksonLeeTX18", "@GerryConnolly", "@SenStabenow", "@BillPascrell", "@SenGillibrand", "@RepAdamSmith", "@RepMikeQuigley", "@RepJohnLarson", "@SenSherrodBrown", "@RepJerryNadler", "@DorisMatsui", "@RepMaxineWaters", "@FrankPallone", "@BradSherman", "@RepAdamSchiff", "@SenSanders", "@SenJeffMerkley", "@RepRaulGrijalva", "@RepDianaDeGette", "@RepSpeier", "@RepHankJohnson", "@janschakowsky", "@EleanorNorton", "@RepGregoryMeeks", "@RepGwenMoore", "@SenAmyKlobuchar", "@SenMarkey", "@RepPerlmutter", "@RepSchrader", "@SenatorCollins", "@SenatorLujan", "@senrobportman", "@JimLangevin", "@RepSires", "@SenatorMenendez", "@JerryMoran", "@ChrisVanHollen", "@SenSchumer", "@CoryBooker", "@michaelcburgess", "@ChrisCoons", "@RepTimRyan", "@MarkWarner"], "SenStabenow": ["@RepTroyCarter", "@RepDeborahRoss", "@SenatorHagerty", "@RepMondaire", "@RepHerrell", "@RepMeijer", "@SenatorHick", "@RepCasten", "@Ilhan", "@RepGolden", "@laurenboebert", "@SenateDems", "@HouseDemocrats", "@RepSylviaGarcia", "@RepDavidTrone", "@RepUnderwood", "@RepAndyLevin", "@RepAngieCraig", "@RepLoriTrahan", "@RepRashida", "@RepAOC", "@SenatorRomney", "@RepSlotkin", "@RepHaleyStevens", "@RepCloudTX", "@RepCori", "@SenTinaSmith", "@Kilili_Sablan", "@RepAnthonyBrown", "@RepDarrenSoto", "@SenJackyRosen", "@SenJohnKennedy", "@RepRoKhanna", "@CongressmanRaja", "@SenCortezMasto", "@RepRaskin", "@RepStephMurphy", "@RepTrentKelly", "@RepTedLieu", "@RepDebDingell", "@RepBonnie", "@SenThomTillis", "@RepDonBeyer", "@SenatorRounds", "@RepAdams", "@RepLawrence", "@RepMoolenaar", "@PeterWelch", "@RepRobinKelly", "@RepBrownley", "@RogerMarshallMD", "@RepCardenas", "@repmarkpocan", "@RepDWStweets", "@MartinHeinrich", "@RepCheri", "@SenatorSinema", "@RepBillFoster", "@SenatorBaldwin", "@SenatorFischer", "@SenAngusKing", "@RepWalorski", "@SenDuckworth", "@RepLowenthal", "@RepDanKildee", "@RepMarkTakano", "@SenWarren", "@RepCartwright", "@MikeCrapo", "@RepMarcyKaptur", "@RepDean", "@SenatorTester", "@RepRoybalAllard", "@SenFeinstein", "@RepCicilline", "@RepHorsford", "@SenJohnHoeven", "@RepSarbanes", "@RepLindaSanchez", "@Call_Me_Dutch", "@PattyMurray", "@SenBlumenthal", "@RonWyden", "@SenatorCarper", "@SanfordBishop", "@SenatorDurbin", "@SenatorLeahy", "@SenWhitehouse", "@SenGaryPeters", "@Sen_JoeManchin", "@RepWilson", "@RepHuizenga", "@SenRonJohnson", "@SenatorLankford", "@SenatorBennet", "@SenToomey", "@SenatorTimScott", "@timkaine", "@SenBobCasey", "@RepEBJ", "@NydiaVelazquez", "@BobbyScott", "@RepDavidEPrice", "@rosadelauro", "@SenRickScott", "@RepFredUpton", "@SenatorCantwell", "@SenatorShaheen", "@SenatorCardin", "@maziehirono", "@RepGaramendi", "@SenMikeLee", "@SenGillibrand", "@RepMikeQuigley", "@brianschatz", "@SenSherrodBrown", "@RepJerryNadler", "@DorisMatsui", "@FrankPallone", "@BradSherman", "@SenSanders", "@SenJeffMerkley", "@RepDianaDeGette", "@RepSpeier", "@EleanorNorton", "@SenAmyKlobuchar", "@SenMarkey", "@RoyBlunt", "@SenatorBurr", "@RepPerlmutter", "@SenatorCollins", "@SenatorLujan", "@senrobportman", "@SenatorMenendez", "@ChrisVanHollen", "@lisamurkowski", "@SenSchumer", "@CoryBooker", "@ChrisCoons", "@chelliepingree", "@RepTimRyan", "@MarkWarner"], "SenAmyKlobuchar": ["@RepTroyCarter", "@RepDeborahRoss", "@SenatorHagerty", "@RepMondaire", "@RepHerrell", "@RepKManning", "@SenatorHick", "@RepCasten", "@RepGolden", "@RepCindyAxne", "@laurenboebert", "@SenateDems", "@HouseDemocrats", "@RepSylviaGarcia", "@RepDavidTrone", "@RepUnderwood", "@RepAngieCraig", "@RepLoriTrahan", "@RepRashida", "@RepAOC", "@RepJoeNeguse", "@SenatorRomney", "@RepMGS", "@RepDeanPhillips", "@RepCloudTX", "@RepCori", "@SenTinaSmith", "@RepAnthonyBrown", "@RepDarrenSoto", "@SenJackyRosen", "@SenJohnKennedy", "@CongressmanRaja", "@SenCortezMasto", "@RepRaskin", "@RepBonnie", "@SenThomTillis", "@RepDonBeyer", "@RepTomEmmer", "@RogerMarshallMD", "@repmarkpocan", "@MartinHeinrich", "@SenatorBaldwin", "@RepSeanMaloney", "@SenDuckworth", "@RodneyDavis", "@SenWarren", "@RepSwalwell", "@MikeCrapo", "@BettyMcCollum04", "@SenatorTester", "@RepRoybalAllard", "@SenFeinstein", "@GKButterfield", "@SenJohnHoeven", "@RepSarbanes", "@PattyMurray", "@SenBlumenthal", "@SenWhitehouse", "@SenGaryPeters", "@Sen_JoeManchin", "@RepWilson", "@SenRonJohnson", "@SenatorLankford", "@SenatorBennet", "@SenatorTimScott", "@SenBobCasey", "@repcleaver", "@BobbyScott", "@SenRickScott", "@SenatorCantwell", "@SenatorCardin", "@maziehirono", "@SenStabenow", "@RepAdamSmith", "@SenSherrodBrown", "@RepJerryNadler", "@FrankPallone", "@SenJeffMerkley", "@RepSpeier", "@RepHankJohnson", "@EleanorNorton", "@SenMarkey", "@RoyBlunt", "@RepPerlmutter", "@SenatorLujan", "@SenatorMenendez", "@ChrisVanHollen", "@SenSchumer", "@ChrisCoons", "@JohnCornyn", "@MarkWarner"]}